<?xml version="1.0" encoding="UTF-8"?>
<!DOCTYPE configuration
        PUBLIC "-//mybatis.org//DTD Config 3.0//EN"
        "http://mybatis.org/dtd/mybatis-3-config.dtd">

<configuration>

    <settings>
        <setting name="useGeneratedKeys" value="false"/>
    </settings>

    <!-- setup environment with JDBC data source -->
    <environments default="development">
        <environment id="development">
            <transactionManager type="UNPOOLED"/>
            <dataSource type="POOLED">
                <property name="driver" value="oracle.jdbc.driver.OracleDriver"/>
                <property name="url" value="jdbc:oracle:thin:"/>
            </dataSource>
        </environment>
    </environments>

    <!-- mapping files -->
    <mappers>
        <mapper class="ru.sber.db.dao.ReportMapper"/>
        <mapper class="ru.sber.db.dao.ServiceMapper"/>
    </mappers>

</configuration>